INPUT,PREDICTION,TRUE
ank,अंक,अंक
anka,आंका,अंक
ankit,आंकित,अंकित
anakon,अनकों,अंकों
ankhon,आँ,अंकों
ankon,आं,अंकों
angkor,अंकर,अंकोर
ankor,अंकर,अंकोर
angaarak,अंगाक,अंगारक
angarak,अंगरक,अंगारक
angraji,अंग्रजी,अंग्रज़ी
angreji,अग्रेंजी,अंग्रज़ी
angrzi,अंग्रजी,अंग्रज़ी
antah,अंतांतांतांतांतांतां,अंतः
antaha,अंता,अंतः
antarmukh,अंशंशंशंशंशंशंशंशंशं,अंतर्मुख
antmurkh,अंचंचंचंचंचंचंचंचंचं,अंतर्मुख
antrmukh,अंशंशंशंशंशंशंशंशंशं,अंतर्मुख
andrabee,अंबी,अंद्राबी
andrabi,अंदी,अंद्राबी
andha,अंधा,अंधा
andhapan,अंधपन,अंधापन
andheri,अंधी,अंधेरी
ambaani,अमबानी,अंबानी
ambani,अमबानी,अंबानी
akram,अक्रम,अकरम
acapulco,एकॉकॉकॉकॉकॉकॉकॉकॉकॉक,अकापुल्को
akapulko,अको,अकापुल्को
akhand,अखंड,अखंड
akhil,आखिल,अखिल
agavai,अगवाई,अगवाई
agvaai,अग्ञाई,अगवाई
augustine,एन,अगस्टाइन
augustustine,आइन,अगस्टाइन
agsta,अग्ता,अगस्ता
agusta,आगुस्ता,अगस्ता
augusta,औगस्ता,अगस्ता
agr,एगर,अग्र
agra,आगरा,अग्र
achambha,अचंभा,अचंभा
achanbha,अपा,अचंभा
achievement,अचिमेंट,अचीवमेंट
achivement,अछिमेंट,अचीवमेंट
acchi,अच्छी,अच्छी
achchi,अच्छी,अच्छी
achhi,अछी,अच्छी
achyut,अछूत,अच्युत
achhanera,अचा,अछनेरा
achnera,अचा,अछनेरा
ajmeedh,अमीध,अजमीढ़
ajhar,आजार,अजहर
azhar,आजार,अजहर
ajit,अजीत,अजित
agnat,अग्नत,अज्ञात
agyaat,अज्ञात,अज्ञात
agyat,अज्ञात,अज्ञात
atakta,आता,अटकता
atkata,आटता,अटकता
atake,अते,अटके
atke,अटे,अटके
atwaal,अत्वाल,अटवाल
atwal,अटवाल,अटवाल
attahasa,आत्त्त्त्त्त्त्त्त्त,अट्टहास
atthaas,अथास,अट्टहास
atthas,अथास,अट्टहास
addon,अदोन,अड्डों
athak,अठाक,अथक
atharv,अथाव,अथर्व
atharva,अथा,अथर्व
adad,अदादादादादादादादादाद,अदद
adaani,अदानी,अदाणी
adani,अदानी,अदाणी
advait,अद्वैद्वैद्वैद्वैद्व,अद्वैत
adwait,आद्वैद्वैद्वैद्वैद्व,अद्वैत
advaitvaad,अद,अद्वैतवाद
advaitwad,अद,अद्वैतवाद
adhivas,अधास,अधिवास
adhiwas,अधास,अधिवास
advivas,आद्विविविविविविविविव,अधिवास
adhiik,अधिक,अधीक
adhik,अधिक,अधीक
adhyayanarat,अध्यन्यन्यन्यन्यन्यन,अध्ययनरत
adhyayanrat,अध्ययययययययययययययययय,अध्ययनरत
adhyaynrat,अध्ययययययययययययययययय,अध्ययनरत
anant,अनत,अनंत
ananti,आनंती,अनंती
angadh,अंगढ़,अनगढ़
angarh,अंगढ़,अनगढ़
anchahe,अंचाहे,अनचाहे
anthak,अंतक,अनथक
unthak,ऊंठक,अनथक
anhoni,अं,अनहोनी
anaavashyak,अनावावावावावावावावाव,अनावश्यक
anavashyak,अनायक,अनावश्यक
anavshyak,अनायक,अनावश्यक
anawashyak,अनायक,अनावश्यक
anik,अनिक,अनिक
anishwarvadi,अनिश्वादी,अनीश्वरवादी
anishwarwadi,अनिश्वादी,अनीश्वरवादी
anukoltha,अनुकुकुकुकुकुकुकुकुक,अनुकूलता
